N_CTX,Triton [FP16] (TFLOPS),Triton [FP8] (TFLOPS),Naive (TFLOPS)
1024.000000,40.879177,75.140927,2.718809
2048.000000,44.464681,84.925630,2.674865
