N_CTX,Triton [FP16] (TFLOPS),Triton [FP8] (TFLOPS),Naive (TFLOPS)
1024.000000,16.958896,17.172389,3.983759
2048.000000,21.243392,21.271374,4.213317
