N_CTX,Triton [FP16] (TFLOPS),Triton [FP8] (TFLOPS),Naive (TFLOPS)
1024.000000,41.441331,84.523135,11.099233
2048.000000,42.471508,87.895073,11.115771
