N_CTX,Triton [FP16] (TFLOPS),Triton [FP8] (TFLOPS),Naive (TFLOPS)
1024.000000,20.973266,21.235199,11.318841
2048.000000,23.941141,23.933163,11.842601
