N_CTX,Triton [FP16] (TFLOPS),Naive PyTorch (TFLOPS),Torch Compile (TFLOPS)
1024.000000,40.305732,7.652769,45.825372
2048.000000,41.426470,7.290554,44.902186
