N_CTX,Triton [FP16] (TFLOPS),Naive PyTorch (TFLOPS),Torch Compile (TFLOPS)
1024.000000,16.778146,3.538431,7.773978
2048.000000,20.383989,3.577538,7.834326
