N_CTX,Triton [FP16] (TFLOPS),Naive PyTorch (TFLOPS),Torch Compile (TFLOPS)
1024.000000,38.053609,2.152748,5.115768
2048.000000,42.098686,2.097792,5.371952
