N_CTX,Triton [FP16] (TFLOPS),Naive PyTorch (TFLOPS),Torch Compile (TFLOPS)
1024.000000,20.216763,9.567954,29.858912
2048.000000,22.830140,9.445260,34.998700
